{
    "user_based": {
        "RMSE": 1.0303654449411161,
        "Precision@10": 0.6214209968186638,
        "Recall@10": 0.6634110225627704
    },
    "item_based": {
        "RMSE": 1.0533124954568505,
        "Precision@10": 0.5791092258748674,
        "Recall@10": 0.6377113769718821
    }
}